{
  "V2 Create Transaction" : {
    "transaction" : "V2 Create Transaction",
    "sampleCount" : 150000,
    "errorCount" : 61,
    "errorPct" : 0.040666666,
    "meanResTime" : 0.3191466666666724,
    "medianResTime" : 0.0,
    "minResTime" : 0.0,
    "maxResTime" : 84.0,
    "pct1ResTime" : 1.0,
    "pct2ResTime" : 1.0,
    "pct3ResTime" : 1.0,
    "throughput" : 2502.7112705430886,
    "receivedKBytesPerSec" : 1202.8372696723534,
    "sentKBytesPerSec" : 955.8789600191874
  },
  "Total" : {
    "transaction" : "Total",
    "sampleCount" : 150000,
    "errorCount" : 61,
    "errorPct" : 0.040666666,
    "meanResTime" : 0.3191466666666724,
    "medianResTime" : 0.0,
    "minResTime" : 0.0,
    "maxResTime" : 84.0,
    "pct1ResTime" : 1.0,
    "pct2ResTime" : 1.0,
    "pct3ResTime" : 1.0,
    "throughput" : 2502.7112705430886,
    "receivedKBytesPerSec" : 1202.8372696723534,
    "sentKBytesPerSec" : 955.8789600191874
  }
}